req_id,order_id,client_id,action,side,type,price,quantity,visible_qty,timestamp,symbol_id
1,1,9019,New,Buy,Limit,4992,4289,0,1747238400000000000,1
2,2,5891,New,Buy,Limit,4992,1055,0,1747238400000000001,1
3,3,5987,New,Buy,Limit,4992,4250,0,1747238400000000002,1
4,4,2861,New,Buy,Limit,4992,4190,0,1747238400000000003,1
5,5,7542,New,Buy,Limit,4993,3615,0,1747238400000000004,1
6,6,6915,New,Buy,Limit,4993,2772,0,1747238400000000005,1
7,7,101,New,Buy,Limit,4993,2936,0,1747238400000000006,1
8,8,3345,New,Buy,Limit,4993,116,0,1747238400000000007,1
9,9,101,New,Buy,Limit,4994,1738,0,1747238400000000008,1
10,10,2267,New,Buy,Limit,4994,3511,0,1747238400000000009,1
11,11,7760,New,Buy,Limit,4994,4355,0,1747238400000000010,1
12,12,5778,New,Buy,Limit,4994,4279,0,1747238400000000011,1
13,13,5874,New,Buy,Limit,4995,1288,0,1747238400000000012,1
14,14,4537,New,Buy,Limit,4995,1093,0,1747238400000000013,1
15,15,1366,New,Buy,Limit,4995,4389,0,1747238400000000014,1
16,16,2825,New,Buy,Limit,4995,763,0,1747238400000000015,1
17,17,7062,New,Buy,Limit,4996,1791,0,1747238400000000016,1
18,18,1300,New,Buy,Limit,4996,1982,0,1747238400000000017,1
19,19,2912,New,Buy,Limit,4996,2364,0,1747238400000000018,1
20,20,9129,New,Buy,Limit,4996,3995,0,1747238400000000019,1
21,21,3954,New,Buy,Limit,4997,526,0,1747238400000000020,1
22,22,8492,New,Buy,Limit,4997,4359,0,1747238400000000021,1
23,23,2130,New,Buy,Limit,4997,1240,0,1747238400000000022,1
24,24,9145,New,Buy,Limit,4997,3358,0,1747238400000000023,1
25,25,3123,New,Buy,Limit,4998,1745,0,1747238400000000024,1
26,26,9051,New,Buy,Limit,4998,4667,0,1747238400000000025,1
27,27,3494,New,Buy,Limit,4998,424,0,1747238400000000026,1
28,28,8091,New,Buy,Limit,4998,2377,0,1747238400000000027,1
29,29,7468,New,Buy,Limit,4999,1102,0,1747238400000000028,1
30,30,2889,New,Buy,Limit,4999,1313,0,1747238400000000029,1
31,31,8257,New,Buy,Limit,4999,1724,0,1747238400000000030,1
32,32,3202,New,Buy,Limit,4999,4458,0,1747238400000000031,1
33,33,101,New,Sell,Limit,5001,4222,0,1747238400000000032,1
34,34,7751,New,Sell,Limit,5001,3260,0,1747238400000000033,1
35,35,9925,New,Sell,Limit,5001,3493,0,1747238400000000034,1
36,36,6062,New,Sell,Limit,5001,2529,0,1747238400000000035,1
37,37,101,New,Sell,Limit,5002,3880,0,1747238400000000036,1
38,38,7992,New,Sell,Limit,5002,2230,0,1747238400000000037,1
39,39,5025,New,Sell,Limit,5002,4733,0,1747238400000000038,1
40,40,5801,New,Sell,Limit,5002,833,0,1747238400000000039,1
41,41,4408,New,Sell,Limit,5003,3906,0,1747238400000000040,1
42,42,6105,New,Sell,Limit,5003,1013,0,1747238400000000041,1
43,43,8228,New,Sell,Limit,5003,4661,0,1747238400000000042,1
44,44,2644,New,Sell,Limit,5003,2490,0,1747238400000000043,1
45,45,4561,New,Sell,Limit,5004,4774,0,1747238400000000044,1
46,46,3604,New,Sell,Limit,5004,2893,0,1747238400000000045,1
47,47,101,New,Sell,Limit,5004,2683,0,1747238400000000046,1
48,48,6440,New,Sell,Limit,5004,2756,0,1747238400000000047,1
49,49,6523,New,Sell,Limit,5005,3499,0,1747238400000000048,1
50,50,6995,New,Sell,Limit,5005,3507,0,1747238400000000049,1
51,51,8588,New,Sell,Limit,5005,3281,0,1747238400000000050,1
52,52,1157,New,Sell,Limit,5005,3268,0,1747238400000000051,1
53,53,6487,New,Sell,Limit,5006,1729,0,1747238400000000052,1
54,54,8005,New,Sell,Limit,5006,587,0,1747238400000000053,1
55,55,9691,New,Sell,Limit,5006,814,0,1747238400000000054,1
56,56,8952,New,Sell,Limit,5006,1048,0,1747238400000000055,1
57,57,1290,New,Sell,Limit,5007,2295,0,1747238400000000056,1
58,58,3350,New,Sell,Limit,5007,2143,0,1747238400000000057,1
59,59,5679,New,Sell,Limit,5007,4370,0,1747238400000000058,1
60,60,3186,New,Sell,Limit,5007,4462,0,1747238400000000059,1
61,61,7844,New,Sell,Limit,5008,4170,0,1747238400000000060,1
62,62,3714,New,Sell,Limit,5008,760,0,1747238400000000061,1
63,63,8237,New,Sell,Limit,5008,830,0,1747238400000000062,1
64,64,6122,New,Sell,Limit,5008,4270,0,1747238400000000063,1
65,25,3123,Modify,Buy,Limit,4992,1219,0,1747238400000000064,1
66,65,3694,New,Buy,Limit,4993,3002,0,1747238400000000065,1
67,50,6995,Modify,Sell,Limit,5001,3317,0,1747238400000000066,1
68,49,6523,Modify,Sell,Limit,5003,1432,0,1747238400000000067,1
69,44,2644,Cancel,Sell,Limit,0,0,0,1747238400000000068,1
70,66,1774,New,Sell,Limit,4999,21,0,1747238400000000069,1
71,8,3345,Cancel,Buy,Limit,0,0,0,1747238400000000070,1
72,67,6417,New,Buy,Limit,4992,4909,0,1747238400000000071,1
73,68,9624,New,Buy,Limit,5001,487,0,1747238400000000072,1
74,69,9124,New,Buy,Limit,4998,3670,0,1747238400000000073,1
75,70,1762,New,Buy,Limit,4998,710,0,1747238400000000074,1
76,9,101,Cancel,Buy,Limit,0,0,0,1747238400000000075,1
77,32,3202,Cancel,Buy,Limit,0,0,0,1747238400000000076,1
78,59,5679,Modify,Sell,Limit,5001,3029,0,1747238400000000077,1
79,71,9483,New,Buy,Limit,4995,2764,0,1747238400000000078,1
80,70,1762,Modify,Buy,Limit,4997,356,0,1747238400000000079,1
81,72,6029,New,Sell,Limit,4999,237,0,1747238400000000080,1
82,52,1157,Cancel,Sell,Limit,0,0,0,1747238400000000081,1
83,73,6209,New,Buy,Limit,5001,148,0,1747238400000000082,1
84,1,9019,Modify,Buy,Limit,4992,2531,0,1747238400000000083,1
85,74,9375,New,Buy,Limit,4994,133,0,1747238400000000084,1
86,57,1290,Modify,Sell,Limit,5008,4719,0,1747238400000000085,1
87,75,4450,New,Buy,Limit,4997,3264,0,1747238400000000086,1
88,76,3230,New,Buy,Limit,5001,449,0,1747238400000000087,1
89,77,3319,New,Buy,Limit,4997,2576,0,1747238400000000088,1
90,78,3669,New,Buy,Limit,4995,1535,0,1747238400000000089,1
91,25,3123,Cancel,Buy,Limit,0,0,0,1747238400000000090,1
92,79,6098,New,Sell,Limit,5004,2274,0,1747238400000000091,1
93,17,7062,Modify,Buy,Limit,4993,4222,0,1747238400000000092,1
94,76,3230,Cancel,Buy,Limit,0,0,0,1747238400000000093,1
95,36,6062,Modify,Sell,Limit,5005,4331,0,1747238400000000094,1
96,47,101,Cancel,Sell,Limit,0,0,0,1747238400000000095,1
97,54,8005,Modify,Sell,Limit,5001,2849,0,1747238400000000096,1
98,37,101,Modify,Sell,Limit,5008,1427,0,1747238400000000097,1
99,26,9051,Cancel,Buy,Limit,0,0,0,1747238400000000098,1
100,35,9925,Modify,Sell,Limit,5005,1580,0,1747238400000000099,1
101,38,7992,Modify,Sell,Limit,5006,3102,0,1747238400000000100,1
102,80,3429,New,Sell,Limit,5004,2993,0,1747238400000000101,1
103,81,3026,New,Buy,Limit,4993,2548,0,1747238400000000102,1
104,27,3494,Modify,Buy,Limit,4996,4739,0,1747238400000000103,1
105,38,7992,Cancel,Sell,Limit,0,0,0,1747238400000000104,1
106,65,3694,Modify,Buy,Limit,4992,2656,0,1747238400000000105,1
107,82,1113,New,Buy,Limit,5001,260,0,1747238400000000106,1
108,83,5593,New,Buy,Limit,4999,4651,0,1747238400000000107,1
109,84,4411,New,Buy,Limit,5001,98,0,1747238400000000108,1
110,85,9897,New,Buy,Limit,5001,408,0,1747238400000000109,1
111,64,6122,Modify,Sell,Limit,5001,403,0,1747238400000000110,1
112,5,7542,Cancel,Buy,Limit,0,0,0,1747238400000000111,1
113,46,3604,Cancel,Sell,Limit,0,0,0,1747238400000000112,1
114,45,4561,Cancel,Sell,Limit,0,0,0,1747238400000000113,1
115,59,5679,Modify,Sell,Limit,5001,1113,0,1747238400000000114,1
116,86,5573,New,Buy,Limit,5001,41,0,1747238400000000115,1
117,87,6367,New,Sell,Limit,5008,1209,0,1747238400000000116,1
118,48,6440,Modify,Sell,Limit,5001,4795,0,1747238400000000117,1
119,88,8306,New,Sell,Limit,5002,2429,0,1747238400000000118,1
120,49,6523,Modify,Sell,Limit,5008,4269,0,1747238400000000119,1
121,53,6487,Modify,Sell,Limit,5004,1798,0,1747238400000000120,1
122,89,4012,New,Buy,Limit,5001,203,0,1747238400000000121,1
123,90,8830,New,Buy,Limit,4996,4902,0,1747238400000000122,1
124,91,2342,New,Sell,Limit,5005,2547,0,1747238400000000123,1
125,92,6233,New,Buy,Limit,5001,414,0,1747238400000000124,1
126,93,3105,New,Buy,Limit,5001,161,0,1747238400000000125,1
127,94,2476,New,Buy,Limit,4998,237,0,1747238400000000126,1
128,95,2280,New,Sell,Limit,5002,1567,0,1747238400000000127,1
129,78,3669,Modify,Buy,Limit,4993,2656,0,1747238400000000128,1
130,76,3230,Cancel,Buy,Limit,0,0,0,1747238400000000129,1
131,96,5361,New,Sell,Limit,4999,466,0,1747238400000000130,1
132,13,5874,Modify,Buy,Limit,4999,1411,0,1747238400000000131,1
133,43,8228,Modify,Sell,Limit,5008,1549,0,1747238400000000132,1
134,97,1378,New,Sell,Limit,4999,433,0,1747238400000000133,1
135,98,2871,New,Buy,Limit,4998,4652,0,1747238400000000134,1
136,67,6417,Cancel,Buy,Limit,0,0,0,1747238400000000135,1
137,4,2861,Cancel,Buy,Limit,0,0,0,1747238400000000136,1
138,99,3415,New,Sell,Limit,5006,3437,0,1747238400000000137,1
139,100,7762,New,Sell,Limit,5001,2560,0,1747238400000000138,1
140,61,7844,Cancel,Sell,Limit,0,0,0,1747238400000000139,1
141,101,2167,New,Buy,Limit,4995,2578,0,1747238400000000140,1
142,12,5778,Modify,Buy,Limit,4992,2621,0,1747238400000000141,1
143,51,8588,Modify,Sell,Limit,5005,2762,0,1747238400000000142,1
144,17,7062,Cancel,Buy,Limit,0,0,0,1747238400000000143,1
145,102,8370,New,Sell,Limit,5008,4530,0,1747238400000000144,1
146,71,9483,Cancel,Buy,Limit,0,0,0,1747238400000000145,1
147,103,3491,New,Buy,Limit,5001,338,0,1747238400000000146,1
148,104,9219,New,Sell,Limit,4999,88,0,1747238400000000147,1
149,105,4798,New,Buy,Limit,5001,170,0,1747238400000000148,1
150,106,6665,New,Buy,Limit,5001,367,0,1747238400000000149,1
151,107,9482,New,Buy,Limit,4997,1717,0,1747238400000000150,1
152,108,4164,New,Sell,Limit,5001,4938,0,1747238400000000151,1
153,11,7760,Modify,Buy,Limit,4993,2719,0,1747238400000000152,1
154,109,3334,New,Sell,Limit,5007,616,0,1747238400000000153,1
155,110,5602,New,Sell,Limit,5003,1852,0,1747238400000000154,1
156,91,2342,Cancel,Sell,Limit,0,0,0,1747238400000000155,1
157,101,2167,Cancel,Buy,Limit,0,0,0,1747238400000000156,1
158,30,2889,Modify,Buy,Limit,4995,1527,0,1747238400000000157,1
159,50,6995,Cancel,Sell,Limit,0,0,0,1747238400000000158,1
160,11,7760,Modify,Buy,Limit,4998,105,0,1747238400000000159,1
161,33,101,Cancel,Sell,Limit,0,0,0,1747238400000000160,1
162,111,8387,New,Sell,Limit,4999,171,0,1747238400000000161,1
163,112,6401,New,Sell,Limit,5008,3581,0,1747238400000000162,1
164,113,5315,New,Sell,Limit,4999,495,0,1747238400000000163,1
165,37,101,Modify,Sell,Limit,5002,1866,0,1747238400000000164,1
166,30,2889,Modify,Buy,Limit,4999,2101,0,1747238400000000165,1
167,98,2871,Cancel,Buy,Limit,0,0,0,1747238400000000166,1
168,80,3429,Cancel,Sell,Limit,0,0,0,1747238400000000167,1
169,114,4546,New,Buy,Limit,4997,1400,0,1747238400000000168,1
170,115,7772,New,Sell,Limit,5008,1331,0,1747238400000000169,1
171,40,5801,Cancel,Sell,Limit,0,0,0,1747238400000000170,1
172,116,5338,New,Buy,Limit,4996,959,0,1747238400000000171,1
173,31,8257,Modify,Buy,Limit,4999,1088,0,1747238400000000172,1
174,117,6177,New,Buy,Limit,4994,115,0,1747238400000000173,1
175,107,9482,Modify,Buy,Limit,4994,1204,0,1747238400000000174,1
176,110,5602,Modify,Sell,Limit,5004,2392,0,1747238400000000175,1
177,118,6207,New,Sell,Limit,5001,1624,0,1747238400000000176,1
178,119,2369,New,Sell,Limit,5007,3697,0,1747238400000000177,1
179,107,9482,Cancel,Buy,Limit,0,0,0,1747238400000000178,1
180,95,2280,Cancel,Sell,Limit,0,0,0,1747238400000000179,1
181,64,6122,Cancel,Sell,Limit,0,0,0,1747238400000000180,1
182,114,4546,Cancel,Buy,Limit,0,0,0,1747238400000000181,1
183,120,4395,New,Sell,Limit,5008,4387,0,1747238400000000182,1
184,121,5013,New,Sell,Limit,5008,3086,0,1747238400000000183,1
185,122,5511,New,Sell,Limit,4999,116,0,1747238400000000184,1
186,24,9145,Modify,Buy,Limit,4995,1665,0,1747238400000000185,1
187,123,1146,New,Buy,Limit,4996,1868,0,1747238400000000186,1
188,72,6029,Cancel,Sell,Limit,0,0,0,1747238400000000187,1
189,22,8492,Cancel,Buy,Limit,0,0,0,1747238400000000188,1
190,124,7167,New,Sell,Limit,5003,4415,0,1747238400000000189,1
191,125,6777,New,Buy,Limit,4999,1826,0,1747238400000000190,1
192,126,3760,New,Buy,Limit,5001,343,0,1747238400000000191,1
193,115,7772,Cancel,Sell,Limit,0,0,0,1747238400000000192,1
194,127,6161,New,Buy,Limit,4993,136,0,1747238400000000193,1
195,128,9081,New,Buy,Limit,5001,413,0,1747238400000000194,1
196,129,1913,New,Sell,Limit,5001,1230,0,1747238400000000195,1
197,130,2860,New,Sell,Limit,5002,226,0,1747238400000000196,1
198,131,3883,New,Buy,Limit,4999,271,0,1747238400000000197,1
199,35,9925,Cancel,Sell,Limit,0,0,0,1747238400000000198,1
200,70,1762,Modify,Buy,Limit,4993,4703,0,1747238400000000199,1
201,132,2082,New,Sell,Limit,4999,347,0,1747238400000000200,1
202,133,5413,New,Sell,Limit,4999,153,0,1747238400000000201,1
203,14,4537,Cancel,Buy,Limit,0,0,0,1747238400000000202,1
204,121,5013,Cancel,Sell,Limit,0,0,0,1747238400000000203,1
205,90,8830,Cancel,Buy,Limit,0,0,0,1747238400000000204,1
206,134,5346,New,Buy,Limit,4997,4293,0,1747238400000000205,1
207,135,1113,New,Sell,Limit,5005,3462,0,1747238400000000206,1
208,136,8017,New,Buy,Limit,4995,2232,0,1747238400000000207,1
209,137,1807,New,Buy,Limit,5001,75,0,1747238400000000208,1
210,138,2964,New,Buy,Limit,4994,2591,0,1747238400000000209,1
211,55,9691,Modify,Sell,Limit,5001,1379,0,1747238400000000210,1
212,11,7760,Modify,Buy,Limit,4995,4860,0,1747238400000000211,1
213,130,2860,Cancel,Sell,Limit,0,0,0,1747238400000000212,1
214,37,101,Cancel,Sell,Limit,0,0,0,1747238400000000213,1
215,139,8293,New,Sell,Limit,4999,73,0,1747238400000000214,1
216,140,8118,New,Buy,Limit,5001,78,0,1747238400000000215,1
217,141,1648,New,Buy,Limit,4997,2068,0,1747238400000000216,1
218,142,2305,New,Buy,Limit,5001,23,0,1747238400000000217,1
219,11,7760,Cancel,Buy,Limit,0,0,0,1747238400000000218,1
220,1,9019,Cancel,Buy,Limit,0,0,0,1747238400000000219,1
221,16,2825,Modify,Buy,Limit,4996,3066,0,1747238400000000220,1
222,143,2699,New,Buy,Limit,4998,2095,0,1747238400000000221,1
223,144,8288,New,Buy,Limit,4999,1242,0,1747238400000000222,1
224,93,3105,Modify,Buy,Limit,4992,1370,0,1747238400000000223,1
225,145,8272,New,Buy,Limit,4993,4329,0,1747238400000000224,1
226,55,9691,Modify,Sell,Limit,5003,3011,0,1747238400000000225,1
227,144,8288,Cancel,Buy,Limit,0,0,0,1747238400000000226,1
228,53,6487,Modify,Sell,Limit,5006,680,0,1747238400000000227,1
229,57,1290,Cancel,Sell,Limit,0,0,0,1747238400000000228,1
230,123,1146,Cancel,Buy,Limit,0,0,0,1747238400000000229,1
231,146,4649,New,Sell,Limit,5008,1830,0,1747238400000000230,1
232,147,5596,New,Buy,Limit,4994,2836,0,1747238400000000231,1
233,148,8104,New,Buy,Limit,5001,237,0,1747238400000000232,1
234,149,2754,New,Sell,Limit,5005,3082,0,1747238400000000233,1
235,150,2915,New,Buy,Limit,5001,316,0,1747238400000000234,1
236,151,9031,New,Buy,Limit,5001,446,0,1747238400000000235,1
237,109,3334,Cancel,Sell,Limit,0,0,0,1747238400000000236,1
238,152,4527,New,Sell,Limit,5002,4732,0,1747238400000000237,1
239,153,6978,New,Buy,Limit,4993,234,0,1747238400000000238,1
240,154,4710,New,Buy,Limit,4992,2765,0,1747238400000000239,1
241,155,6114,New,Sell,Limit,5004,3634,0,1747238400000000240,1
242,156,7525,New,Sell,Limit,5001,251,0,1747238400000000241,1
243,157,4000,New,Sell,Limit,5005,2129,0,1747238400000000242,1
244,158,4288,New,Sell,Limit,4999,16,0,1747238400000000243,1
245,159,3755,New,Buy,Limit,4995,2788,0,1747238400000000244,1
246,42,6105,Modify,Sell,Limit,5003,3035,0,1747238400000000245,1
247,160,3821,New,Buy,Limit,4998,993,0,1747238400000000246,1
248,100,7762,Modify,Sell,Limit,5004,2980,0,1747238400000000247,1
249,119,2369,Modify,Sell,Limit,5006,4669,0,1747238400000000248,1
250,161,6664,New,Buy,Limit,4999,3509,0,1747238400000000249,1
251,55,9691,Cancel,Sell,Limit,0,0,0,1747238400000000250,1
252,162,7166,New,Buy,Limit,4995,3985,0,1747238400000000251,1
253,149,2754,Modify,Sell,Limit,5001,3159,0,1747238400000000252,1
254,24,9145,Modify,Buy,Limit,4994,1061,0,1747238400000000253,1
255,161,6664,Modify,Buy,Limit,4996,4073,0,1747238400000000254,1
256,163,6730,New,Buy,Limit,4997,2429,0,1747238400000000255,1
257,164,5275,New,Buy,Limit,4994,3964,0,1747238400000000256,1
258,117,6177,Cancel,Buy,Limit,0,0,0,1747238400000000257,1
259,165,9003,New,Buy,Limit,5001,378,0,1747238400000000258,1
260,79,6098,Cancel,Sell,Limit,0,0,0,1747238400000000259,1
261,166,1204,New,Buy,Limit,4999,3514,0,1747238400000000260,1
262,88,8306,Cancel,Sell,Limit,0,0,0,1747238400000000261,1
263,167,5422,New,Sell,Limit,5007,2913,0,1747238400000000262,1
264,164,5275,Cancel,Buy,Limit,0,0,0,1747238400000000263,1
265,131,3883,Modify,Buy,Limit,4999,1467,0,1747238400000000264,1
266,168,9021,New,Sell,Limit,5008,2406,0,1747238400000000265,1
267,169,7968,New,Buy,Limit,4992,2419,0,1747238400000000266,1
268,162,7166,Modify,Buy,Limit,4993,4669,0,1747238400000000267,1
269,170,3902,New,Sell,Limit,5003,1654,0,1747238400000000268,1
270,56,8952,Modify,Sell,Limit,5006,2479,0,1747238400000000269,1
271,171,8363,New,Sell,Limit,5003,815,0,1747238400000000270,1
272,21,3954,Cancel,Buy,Limit,0,0,0,1747238400000000271,1
273,54,8005,Modify,Sell,Limit,5007,3127,0,1747238400000000272,1
274,172,3084,New,Sell,Limit,5006,2336,0,1747238400000000273,1
275,173,4884,New,Buy,Limit,4998,1876,0,1747238400000000274,1
276,174,4905,New,Buy,Limit,4999,3989,0,1747238400000000275,1
277,48,6440,Modify,Sell,Limit,5008,3639,0,1747238400000000276,1
278,175,9272,New,Buy,Limit,4995,2026,0,1747238400000000277,1
279,176,7658,New,Sell,Limit,4999,261,0,1747238400000000278,1
280,54,8005,Cancel,Sell,Limit,0,0,0,1747238400000000279,1
281,177,3200,New,Sell,Limit,5006,1413,0,1747238400000000280,1
282,42,6105,Modify,Sell,Limit,5008,1554,0,1747238400000000281,1
283,178,1658,New,Sell,Limit,5001,4670,0,1747238400000000282,1
284,62,3714,Cancel,Sell,Limit,0,0,0,1747238400000000283,1
285,179,2934,New,Buy,Limit,4992,1252,0,1747238400000000284,1
286,180,1684,New,Sell,Limit,5006,3235,0,1747238400000000285,1
287,181,5870,New,Buy,Limit,5001,448,0,1747238400000000286,1
288,157,4000,Modify,Sell,Limit,5006,3241,0,1747238400000000287,1
289,171,8363,Cancel,Sell,Limit,0,0,0,1747238400000000288,1
290,136,8017,Cancel,Buy,Limit,0,0,0,1747238400000000289,1
291,182,1633,New,Buy,Limit,4995,1280,0,1747238400000000290,1
292,183,3424,New,Buy,Limit,4992,2149,0,1747238400000000291,1
293,43,8228,Modify,Sell,Limit,5006,4296,0,1747238400000000292,1
294,184,5431,New,Buy,Limit,4996,4102,0,1747238400000000293,1
295,185,5755,New,Sell,Limit,5008,4839,0,1747238400000000294,1
296,186,2084,New,Sell,Limit,5004,4284,0,1747238400000000295,1
297,187,6567,New,Buy,Limit,4994,1507,0,1747238400000000296,1
298,188,2285,New,Sell,Limit,4999,25,0,1747238400000000297,1
299,189,2330,New,Sell,Limit,5005,4750,0,1747238400000000298,1
300,190,4059,New,Buy,Limit,4999,1556,0,1747238400000000299,1
301,191,2590,New,Sell,Limit,5003,618,0,1747238400000000300,1
302,192,5213,New,Sell,Limit,5004,510,0,1747238400000000301,1
303,193,1963,New,Buy,Limit,4999,1020,0,1747238400000000302,1
304,124,7167,Modify,Sell,Limit,5004,4725,0,1747238400000000303,1
305,173,4884,Modify,Buy,Limit,4993,351,0,1747238400000000304,1
306,120,4395,Cancel,Sell,Limit,0,0,0,1747238400000000305,1
307,194,1246,New,Sell,Limit,5004,1243,0,1747238400000000306,1
308,195,8311,New,Buy,Limit,5001,319,0,1747238400000000307,1
309,180,1684,Modify,Sell,Limit,5002,1748,0,1747238400000000308,1
310,156,7525,Modify,Sell,Limit,5007,4517,0,1747238400000000309,1
311,124,7167,Modify,Sell,Limit,5002,2756,0,1747238400000000310,1
312,74,9375,Modify,Buy,Limit,4994,1704,0,1747238400000000311,1
313,196,2333,New,Sell,Limit,5002,2841,0,1747238400000000312,1
314,197,2125,New,Buy,Limit,4994,1731,0,1747238400000000313,1
315,77,3319,Modify,Buy,Limit,4994,3346,0,1747238400000000314,1
316,124,7167,Cancel,Sell,Limit,0,0,0,1747238400000000315,1
317,145,8272,Modify,Buy,Limit,4993,3128,0,1747238400000000316,1
318,198,1075,New,Sell,Limit,5005,680,0,1747238400000000317,1
319,199,2449,New,Sell,Limit,5002,348,0,1747238400000000318,1
320,200,1651,New,Sell,Limit,5005,232,0,1747238400000000319,1
321,160,3821,Modify,Buy,Limit,4997,2269,0,1747238400000000320,1
322,201,3983,New,Sell,Limit,5004,4192,0,1747238400000000321,1
323,113,5315,Modify,Sell,Limit,5002,4919,0,1747238400000000322,1
324,202,7703,New,Buy,Limit,4997,3113,0,1747238400000000323,1
325,203,8100,New,Sell,Limit,5003,1560,0,1747238400000000324,1
326,204,5962,New,Sell,Limit,4999,72,0,1747238400000000325,1
327,205,5955,New,Sell,Limit,5007,2587,0,1747238400000000326,1
328,206,3869,New,Sell,Limit,4999,260,0,1747238400000000327,1
329,207,2068,New,Buy,Limit,4992,4870,0,1747238400000000328,1
330,59,5679,Cancel,Sell,Limit,0,0,0,1747238400000000329,1
331,134,5346,Cancel,Buy,Limit,0,0,0,1747238400000000330,1
332,119,2369,Modify,Sell,Limit,5003,4292,0,1747238400000000331,1
333,177,3200,Cancel,Sell,Limit,0,0,0,1747238400000000332,1
334,147,5596,Modify,Buy,Limit,4994,3482,0,1747238400000000333,1
335,208,3614,New,Sell,Limit,5001,3111,0,1747238400000000334,1
336,209,8162,New,Sell,Limit,5002,2531,0,1747238400000000335,1
337,210,4131,New,Sell,Limit,5003,4668,0,1747238400000000336,1
338,53,6487,Cancel,Sell,Limit,0,0,0,1747238400000000337,1
339,211,4358,New,Sell,Limit,5003,2280,0,1747238400000000338,1
340,183,3424,Modify,Buy,Limit,4996,3681,0,1747238400000000339,1
341,212,9517,New,Buy,Limit,4999,3736,0,1747238400000000340,1
342,213,1721,New,Sell,Limit,5004,4319,0,1747238400000000341,1
343,31,8257,Modify,Buy,Limit,4998,2326,0,1747238400000000342,1
344,214,2355,New,Sell,Limit,5005,3064,0,1747238400000000343,1
345,30,2889,Modify,Buy,Limit,4998,433,0,1747238400000000344,1
346,168,9021,Cancel,Sell,Limit,0,0,0,1747238400000000345,1
347,20,9129,Cancel,Buy,Limit,0,0,0,1747238400000000346,1
348,170,3902,Cancel,Sell,Limit,0,0,0,1747238400000000347,1
349,36,6062,Modify,Sell,Limit,5004,3376,0,1747238400000000348,1
350,100,7762,Modify,Sell,Limit,5001,2033,0,1747238400000000349,1
351,179,2934,Cancel,Buy,Limit,0,0,0,1747238400000000350,1
352,190,4059,Modify,Buy,Limit,4994,1271,0,1747238400000000351,1
353,215,4055,New,Buy,Limit,4998,2267,0,1747238400000000352,1
354,125,6777,Modify,Buy,Limit,4994,3423,0,1747238400000000353,1
355,6,6915,Cancel,Buy,Limit,0,0,0,1747238400000000354,1
356,216,7137,New,Sell,Limit,5006,4701,0,1747238400000000355,1
357,94,2476,Cancel,Buy,Limit,0,0,0,1747238400000000356,1
358,217,6964,New,Buy,Limit,4993,3058,0,1747238400000000357,1
359,218,3585,New,Sell,Limit,4999,115,0,1747238400000000358,1
360,219,9701,New,Sell,Limit,4999,332,0,1747238400000000359,1
361,108,4164,Modify,Sell,Limit,5001,415,0,1747238400000000360,1
362,19,2912,Modify,Buy,Limit,4993,4618,0,1747238400000000361,1
363,10,2267,Cancel,Buy,Limit,0,0,0,1747238400000000362,1
364,220,5260,New,Sell,Limit,5002,1558,0,1747238400000000363,1
365,118,6207,Modify,Sell,Limit,5006,3569,0,1747238400000000364,1
366,189,2330,Cancel,Sell,Limit,0,0,0,1747238400000000365,1
367,209,8162,Modify,Sell,Limit,5006,2627,0,1747238400000000366,1
368,24,9145,Cancel,Buy,Limit,0,0,0,1747238400000000367,1
369,221,6136,New,Sell,Limit,4999,477,0,1747238400000000368,1
370,161,6664,Cancel,Buy,Limit,0,0,0,1747238400000000369,1
371,182,1633,Modify,Buy,Limit,4997,2703,0,1747238400000000370,1
372,222,9589,New,Buy,Limit,4998,3723,0,1747238400000000371,1
373,43,8228,Modify,Sell,Limit,5006,4812,0,1747238400000000372,1
374,110,5602,Modify,Sell,Limit,5002,637,0,1747238400000000373,1
375,187,6567,Cancel,Buy,Limit,0,0,0,1747238400000000374,1
376,223,7420,New,Sell,Limit,4999,399,0,1747238400000000375,1
377,78,3669,Cancel,Buy,Limit,0,0,0,1747238400000000376,1
378,112,6401,Modify,Sell,Limit,5002,4215,0,1747238400000000377,1
379,224,8325,New,Buy,Limit,4999,1226,0,1747238400000000378,1
380,166,1204,Modify,Buy,Limit,4994,1981,0,1747238400000000379,1
381,225,9522,New,Sell,Limit,5007,2041,0,1747238400000000380,1
382,226,2949,New,Buy,Limit,4996,2131,0,1747238400000000381,1
383,227,5021,New,Sell,Limit,5008,1600,0,1747238400000000382,1
384,200,1651,Modify,Sell,Limit,5006,2983,0,1747238400000000383,1
385,228,1404,New,Buy,Limit,4997,4886,0,1747238400000000384,1
386,65,3694,Cancel,Buy,Limit,0,0,0,1747238400000000385,1
387,30,2889,Cancel,Buy,Limit,0,0,0,1747238400000000386,1
388,229,8589,New,Sell,Limit,5002,2697,0,1747238400000000387,1
389,230,8665,New,Sell,Limit,5005,1544,0,1747238400000000388,1
390,231,3106,New,Sell,Limit,4999,310,0,1747238400000000389,1
391,232,3630,New,Buy,Limit,4999,204,0,1747238400000000390,1
392,233,1414,New,Sell,Limit,4999,247,0,1747238400000000391,1
393,198,1075,Cancel,Sell,Limit,0,0,0,1747238400000000392,1
394,234,7115,New,Buy,Limit,4992,2317,0,1747238400000000393,1
395,12,5778,Cancel,Buy,Limit,0,0,0,1747238400000000394,1
396,215,4055,Cancel,Buy,Limit,0,0,0,1747238400000000395,1
397,235,7642,New,Buy,Limit,4997,4302,0,1747238400000000396,1
398,70,1762,Cancel,Buy,Limit,0,0,0,1747238400000000397,1
399,222,9589,Cancel,Buy,Limit,0,0,0,1747238400000000398,1
400,236,2164,New,Buy,Limit,4995,2656,0,1747238400000000399,1
401,143,2699,Cancel,Buy,Limit,0,0,0,1747238400000000400,1
402,237,4250,New,Buy,Limit,4999,1183,0,1747238400000000401,1
403,238,5575,New,Sell,Limit,5004,3736,0,1747238400000000402,1
404,239,4401,New,Sell,Limit,5001,1845,0,1747238400000000403,1
405,167,5422,Cancel,Sell,Limit,0,0,0,1747238400000000404,1
406,146,4649,Cancel,Sell,Limit,0,0,0,1747238400000000405,1
407,173,4884,Cancel,Buy,Limit,0,0,0,1747238400000000406,1
408,87,6367,Modify,Sell,Limit,5004,883,0,1747238400000000407,1
409,63,8237,Modify,Sell,Limit,5001,2231,0,1747238400000000408,1
410,240,8688,New,Sell,Limit,4999,454,0,1747238400000000409,1
411,234,7115,Modify,Buy,Limit,4994,1028,0,1747238400000000410,1
412,174,4905,Modify,Buy,Limit,4992,107,0,1747238400000000411,1
413,77,3319,Cancel,Buy,Limit,0,0,0,1747238400000000412,1
414,241,9988,New,Sell,Limit,5008,3474,0,1747238400000000413,1
415,212,9517,Modify,Buy,Limit,4999,3690,0,1747238400000000414,1
416,242,1997,New,Sell,Limit,4999,491,0,1747238400000000415,1
417,99,3415,Modify,Sell,Limit,5002,157,0,1747238400000000416,1
418,243,5098,New,Buy,Limit,4996,2763,0,1747238400000000417,1
419,244,7686,New,Buy,Limit,4992,2137,0,1747238400000000418,1
420,245,5679,New,Buy,Limit,5001,198,0,1747238400000000419,1
421,169,7968,Cancel,Buy,Limit,0,0,0,1747238400000000420,1
422,229,8589,Cancel,Sell,Limit,0,0,0,1747238400000000421,1
423,246,8145,New,Buy,Limit,4993,1133,0,1747238400000000422,1
424,247,4172,New,Buy,Limit,5001,135,0,1747238400000000423,1
425,248,3442,New,Buy,Limit,4997,454,0,1747238400000000424,1
426,178,1658,Cancel,Sell,Limit,0,0,0,1747238400000000425,1
427,249,5222,New,Sell,Limit,5003,4251,0,1747238400000000426,1
428,250,4849,New,Buy,Limit,4998,4184,0,1747238400000000427,1
429,184,5431,Cancel,Buy,Limit,0,0,0,1747238400000000428,1
430,100,7762,Modify,Sell,Limit,5005,3482,0,1747238400000000429,1
431,225,9522,Modify,Sell,Limit,5008,464,0,1747238400000000430,1
432,251,7521,New,Sell,Limit,5003,2789,0,1747238400000000431,1
433,252,7252,New,Buy,Limit,4996,3558,0,1747238400000000432,1
434,60,3186,Cancel,Sell,Limit,0,0,0,1747238400000000433,1
435,149,2754,Modify,Sell,Limit,5002,1180,0,1747238400000000434,1
436,253,4077,New,Sell,Limit,5008,1767,0,1747238400000000435,1
437,254,8185,New,Sell,Limit,5003,4289,0,1747238400000000436,1
438,255,6841,New,Buy,Limit,4993,2978,0,1747238400000000437,1
439,36,6062,Modify,Sell,Limit,5001,2642,0,1747238400000000438,1
440,256,1894,New,Sell,Limit,5004,4393,0,1747238400000000439,1
441,87,6367,Cancel,Sell,Limit,0,0,0,1747238400000000440,1
442,257,7904,New,Buy,Limit,5001,414,0,1747238400000000441,1
443,157,4000,Cancel,Sell,Limit,0,0,0,1747238400000000442,1
444,258,2182,New,Sell,Limit,5002,3037,0,1747238400000000443,1
445,51,8588,Modify,Sell,Limit,5001,4356,0,1747238400000000444,1
446,259,7931,New,Buy,Limit,4994,895,0,1747238400000000445,1
447,260,3953,New,Sell,Limit,5001,3650,0,1747238400000000446,1
448,255,6841,Cancel,Buy,Limit,0,0,0,1747238400000000447,1
449,250,4849,Cancel,Buy,Limit,0,0,0,1747238400000000448,1
450,19,2912,Modify,Buy,Limit,4993,2873,0,1747238400000000449,1
451,261,2130,New,Buy,Limit,4995,4354,0,1747238400000000450,1
452,262,1252,New,Sell,Limit,4999,348,0,1747238400000000451,1
453,219,9701,Cancel,Sell,Limit,0,0,0,1747238400000000452,1
454,27,3494,Modify,Buy,Limit,4995,3304,0,1747238400000000453,1
455,263,1986,New,Sell,Limit,5005,2373,0,1747238400000000454,1
456,264,4020,New,Buy,Limit,4995,2989,0,1747238400000000455,1
457,104,9219,Modify,Sell,Limit,5002,4817,0,1747238400000000456,1
458,156,7525,Modify,Sell,Limit,5001,3051,0,1747238400000000457,1
459,265,4024,New,Sell,Limit,5008,2869,0,1747238400000000458,1
460,266,8385,New,Sell,Limit,4999,103,0,1747238400000000459,1
461,241,9988,Modify,Sell,Limit,5001,4896,0,1747238400000000460,1
462,267,7803,New,Buy,Limit,4996,3184,0,1747238400000000461,1
463,268,6927,New,Buy,Limit,4997,3890,0,1747238400000000462,1
464,269,6837,New,Buy,Limit,4998,2093,0,1747238400000000463,1
465,246,8145,Modify,Buy,Limit,4998,1213,0,1747238400000000464,1
466,211,4358,Modify,Sell,Limit,5008,2061,0,1747238400000000465,1
467,131,3883,Cancel,Buy,Limit,0,0,0,1747238400000000466,1
468,270,9999,New,Buy,Limit,5001,7,0,1747238400000000467,1
469,271,4089,New,Sell,Limit,4999,377,0,1747238400000000468,1
470,258,2182,Modify,Sell,Limit,5001,2313,0,1747238400000000469,1
471,13,5874,Cancel,Buy,Limit,0,0,0,1747238400000000470,1
472,254,8185,Cancel,Sell,Limit,0,0,0,1747238400000000471,1
473,19,2912,Cancel,Buy,Limit,0,0,0,1747238400000000472,1
474,272,7439,New,Sell,Limit,4999,71,0,1747238400000000473,1
475,273,3086,New,Sell,Limit,5006,3609,0,1747238400000000474,1
476,274,2111,New,Sell,Limit,4999,234,0,1747238400000000475,1
477,213,1721,Modify,Sell,Limit,5008,4018,0,1747238400000000476,1
478,99,3415,Modify,Sell,Limit,5005,612,0,1747238400000000477,1
479,275,5124,New,Sell,Limit,4999,382,0,1747238400000000478,1
480,174,4905,Modify,Buy,Limit,4994,1712,0,1747238400000000479,1
481,51,8588,Modify,Sell,Limit,5004,3513,0,1747238400000000480,1
482,276,1469,New,Buy,Limit,4996,656,0,1747238400000000481,1
483,201,3983,Cancel,Sell,Limit,0,0,0,1747238400000000482,1
484,277,2215,New,Buy,Limit,4995,231,0,1747238400000000483,1
485,278,2280,New,Buy,Limit,5001,142,0,1747238400000000484,1
486,279,1182,New,Sell,Limit,4999,26,0,1747238400000000485,1
487,23,2130,Cancel,Buy,Limit,0,0,0,1747238400000000486,1
488,246,8145,Cancel,Buy,Limit,0,0,0,1747238400000000487,1
489,138,2964,Modify,Buy,Limit,4994,3076,0,1747238400000000488,1
490,191,2590,Cancel,Sell,Limit,0,0,0,1747238400000000489,1
491,135,1113,Modify,Sell,Limit,5007,1028,0,1747238400000000490,1
492,280,6474,New,Sell,Limit,5004,348,0,1747238400000000491,1
493,182,1633,Modify,Buy,Limit,4996,2873,0,1747238400000000492,1
494,234,7115,Cancel,Buy,Limit,0,0,0,1747238400000000493,1
495,281,1599,New,Sell,Limit,5004,520,0,1747238400000000494,1
496,282,2602,New,Buy,Limit,4997,362,0,1747238400000000495,1
497,283,2126,New,Buy,Limit,4995,2619,0,1747238400000000496,1
498,284,3273,New,Buy,Limit,4993,4247,0,1747238400000000497,1
499,285,6683,New,Sell,Limit,5004,2433,0,1747238400000000498,1
500,49,6523,Cancel,Sell,Limit,0,0,0,1747238400000000499,1
501,153,6978,Cancel,Buy,Limit,0,0,0,1747238400000000500,1
502,166,1204,Modify,Buy,Limit,4994,4811,0,1747238400000000501,1
503,217,6964,Cancel,Buy,Limit,0,0,0,1747238400000000502,1
504,286,5062,New,Buy,Limit,5001,324,0,1747238400000000503,1
505,63,8237,Cancel,Sell,Limit,0,0,0,1747238400000000504,1
506,287,1839,New,Buy,Limit,5001,312,0,1747238400000000505,1
507,267,7803,Modify,Buy,Limit,4994,3120,0,1747238400000000506,1
508,288,8468,New,Buy,Limit,4998,1609,0,1747238400000000507,1
509,27,3494,Modify,Buy,Limit,4998,1825,0,1747238400000000508,1
510,220,5260,Modify,Sell,Limit,5001,4677,0,1747238400000000509,1
511,141,1648,Modify,Buy,Limit,4995,3937,0,1747238400000000510,1
512,18,1300,Cancel,Buy,Limit,0,0,0,1747238400000000511,1
513,159,3755,Cancel,Buy,Limit,0,0,0,1747238400000000512,1
514,160,3821,Modify,Buy,Limit,4994,3865,0,1747238400000000513,1
515,199,2449,Modify,Sell,Limit,5004,2125,0,1747238400000000514,1
516,289,7959,New,Sell,Limit,4999,264,0,1747238400000000515,1
517,290,6946,New,Sell,Limit,4999,19,0,1747238400000000516,1
518,86,5573,Cancel,Buy,Limit,0,0,0,1747238400000000517,1
519,291,8987,New,Buy,Limit,4994,2441,0,1747238400000000518,1
520,292,9399,New,Buy,Limit,4999,3255,0,1747238400000000519,1
521,293,9205,New,Sell,Limit,4999,308,0,1747238400000000520,1
522,16,2825,Modify,Buy,Limit,4994,282,0,1747238400000000521,1
523,213,1721,Modify,Sell,Limit,5002,4426,0,1747238400000000522,1
524,294,1895,New,Sell,Limit,5005,4486,0,1747238400000000523,1
525,39,5025,Cancel,Sell,Limit,0,0,0,1747238400000000524,1
526,31,8257,Cancel,Buy,Limit,0,0,0,1747238400000000525,1
527,241,9988,Modify,Sell,Limit,5004,2356,0,1747238400000000526,1
528,220,5260,Modify,Sell,Limit,5004,4263,0,1747238400000000527,1
529,295,3124,New,Sell,Limit,4999,471,0,1747238400000000528,1
530,296,7825,New,Buy,Limit,4996,1681,0,1747238400000000529,1
531,297,8293,New,Buy,Limit,4995,475,0,1747238400000000530,1
532,220,5260,Modify,Sell,Limit,5005,4834,0,1747238400000000531,1
533,298,4951,New,Sell,Limit,5005,2344,0,1747238400000000532,1
534,175,9272,Cancel,Buy,Limit,0,0,0,1747238400000000533,1
535,299,8107,New,Buy,Limit,4992,4307,0,1747238400000000534,1
536,300,8353,New,Buy,Limit,4999,890,0,1747238400000000535,1
537,301,6765,New,Sell,Limit,4999,364,0,1747238400000000536,1
538,190,4059,Modify,Buy,Limit,4999,4832,0,1747238400000000537,1
539,284,3273,Cancel,Buy,Limit,0,0,0,1747238400000000538,1
540,302,7266,New,Buy,Limit,5001,494,0,1747238400000000539,1
541,303,4909,New,Buy,Limit,4999,2370,0,1747238400000000540,1
542,304,6865,New,Buy,Limit,5001,172,0,1747238400000000541,1
543,305,4032,New,Buy,Limit,4995,2236,0,1747238400000000542,1
544,306,9452,New,Buy,Limit,4995,562,0,1747238400000000543,1
545,306,9452,Modify,Buy,Limit,4999,211,0,1747238400000000544,1
546,172,3084,Modify,Sell,Limit,5003,3105,0,1747238400000000545,1
547,205,5955,Modify,Sell,Limit,5006,3159,0,1747238400000000546,1
548,151,9031,Modify,Buy,Limit,4992,1083,0,1747238400000000547,1
549,307,5050,New,Sell,Limit,5002,2464,0,1747238400000000548,1
550,281,1599,Cancel,Sell,Limit,0,0,0,1747238400000000549,1
551,308,1344,New,Sell,Limit,4999,210,0,1747238400000000550,1
552,119,2369,Modify,Sell,Limit,5007,264,0,1747238400000000551,1
553,309,5767,New,Buy,Limit,4997,2233,0,1747238400000000552,1
554,310,9032,New,Buy,Limit,4995,133,0,1747238400000000553,1
555,311,9343,New,Buy,Limit,5001,458,0,1747238400000000554,1
556,312,9615,New,Buy,Limit,4997,1173,0,1747238400000000555,1
557,147,5596,Modify,Buy,Limit,4995,3874,0,1747238400000000556,1
558,313,5923,New,Sell,Limit,4999,221,0,1747238400000000557,1
559,314,3096,New,Buy,Limit,4992,3611,0,1747238400000000558,1
560,89,4012,Modify,Buy,Limit,4996,2393,0,1747238400000000559,1
561,315,7076,New,Sell,Limit,5001,4355,0,1747238400000000560,1
562,276,1469,Modify,Buy,Limit,4995,4273,0,1747238400000000561,1
563,162,7166,Cancel,Buy,Limit,0,0,0,1747238400000000562,1
564,316,8111,New,Buy,Limit,4994,1712,0,1747238400000000563,1
565,314,3096,Modify,Buy,Limit,4993,2745,0,1747238400000000564,1
566,317,8263,New,Sell,Limit,5006,225,0,1747238400000000565,1
567,318,5164,New,Buy,Limit,5001,256,0,1747238400000000566,1
568,305,4032,Modify,Buy,Limit,4994,4226,0,1747238400000000567,1
569,319,9397,New,Sell,Limit,5003,1961,0,1747238400000000568,1
570,320,6363,New,Buy,Limit,4999,1711,0,1747238400000000569,1
571,48,6440,Modify,Sell,Limit,5004,3770,0,1747238400000000570,1
572,81,3026,Cancel,Buy,Limit,0,0,0,1747238400000000571,1
573,221,6136,Modify,Sell,Limit,5003,3368,0,1747238400000000572,1
574,102,8370,Cancel,Sell,Limit,0,0,0,1747238400000000573,1
575,190,4059,Modify,Buy,Limit,4996,2594,0,1747238400000000574,1
576,256,1894,Modify,Sell,Limit,5007,1768,0,1747238400000000575,1
577,210,4131,Modify,Sell,Limit,5008,1813,0,1747238400000000576,1
578,48,6440,Cancel,Sell,Limit,0,0,0,1747238400000000577,1
579,214,2355,Modify,Sell,Limit,5008,350,0,1747238400000000578,1
580,118,6207,Cancel,Sell,Limit,0,0,0,1747238400000000579,1
581,321,3705,New,Buy,Limit,5001,275,0,1747238400000000580,1
582,322,1473,New,Sell,Limit,5008,4360,0,1747238400000000581,1
583,323,4841,New,Buy,Limit,4992,1156,0,1747238400000000582,1
584,324,8950,New,Buy,Limit,5001,161,0,1747238400000000583,1
585,180,1684,Cancel,Sell,Limit,0,0,0,1747238400000000584,1
586,317,8263,Modify,Sell,Limit,5001,3824,0,1747238400000000585,1
587,325,7296,New,Buy,Limit,4997,1916,0,1747238400000000586,1
588,225,9522,Modify,Sell,Limit,5002,640,0,1747238400000000587,1
589,307,5050,Cancel,Sell,Limit,0,0,0,1747238400000000588,1
590,326,5215,New,Sell,Limit,5001,4658,0,1747238400000000589,1
591,327,1778,New,Sell,Limit,5006,1938,0,1747238400000000590,1
592,141,1648,Modify,Buy,Limit,4996,4787,0,1747238400000000591,1
593,112,6401,Modify,Sell,Limit,5008,2424,0,1747238400000000592,1
594,328,3645,New,Buy,Limit,5001,477,0,1747238400000000593,1
595,185,5755,Cancel,Sell,Limit,0,0,0,1747238400000000594,1
596,329,1320,New,Buy,Limit,4995,4321,0,1747238400000000595,1
597,249,5222,Modify,Sell,Limit,5003,544,0,1747238400000000596,1
598,330,8298,New,Sell,Limit,5005,4581,0,1747238400000000597,1
599,331,7933,New,Sell,Limit,5006,4331,0,1747238400000000598,1
600,147,5596,Modify,Buy,Limit,4994,1623,0,1747238400000000599,1
601,332,1098,New,Sell,Limit,5001,949,0,1747238400000000600,1
602,315,7076,Modify,Sell,Limit,5004,1051,0,1747238400000000601,1
603,333,1651,New,Sell,Limit,4999,270,0,1747238400000000602,1
604,334,2860,New,Sell,Limit,5002,510,0,1747238400000000603,1
605,335,9015,New,Buy,Limit,4997,4366,0,1747238400000000604,1
606,15,1366,Modify,Buy,Limit,4996,4070,0,1747238400000000605,1
607,326,5215,Cancel,Sell,Limit,0,0,0,1747238400000000606,1
608,336,3229,New,Buy,Limit,4996,1800,0,1747238400000000607,1
609,186,2084,Cancel,Sell,Limit,0,0,0,1747238400000000608,1
610,208,3614,Modify,Sell,Limit,5002,4367,0,1747238400000000609,1
611,297,8293,Cancel,Buy,Limit,0,0,0,1747238400000000610,1
612,119,2369,Modify,Sell,Limit,5001,1715,0,1747238400000000611,1
613,16,2825,Cancel,Buy,Limit,0,0,0,1747238400000000612,1
614,337,8286,New,Buy,Limit,4998,1413,0,1747238400000000613,1
615,236,2164,Cancel,Buy,Limit,0,0,0,1747238400000000614,1
616,238,5575,Modify,Sell,Limit,5004,3907,0,1747238400000000615,1
617,210,4131,Cancel,Sell,Limit,0,0,0,1747238400000000616,1
618,296,7825,Modify,Buy,Limit,4994,1805,0,1747238400000000617,1
619,267,7803,Modify,Buy,Limit,4993,517,0,1747238400000000618,1
620,338,8069,New,Buy,Limit,4995,1062,0,1747238400000000619,1
621,339,3869,New,Sell,Limit,5007,4896,0,1747238400000000620,1
622,228,1404,Cancel,Buy,Limit,0,0,0,1747238400000000621,1
623,263,1986,Cancel,Sell,Limit,0,0,0,1747238400000000622,1
624,212,9517,Modify,Buy,Limit,4995,321,0,1747238400000000623,1
625,182,1633,Cancel,Buy,Limit,0,0,0,1747238400000000624,1
626,340,1714,New,Buy,Limit,5001,153,0,1747238400000000625,1
627,341,6090,New,Sell,Limit,5001,4186,0,1747238400000000626,1
628,220,5260,Modify,Sell,Limit,5001,4995,0,1747238400000000627,1
629,342,8384,New,Sell,Limit,4999,183,0,1747238400000000628,1
630,343,8770,New,Sell,Limit,5007,2356,0,1747238400000000629,1
631,344,3655,New,Sell,Limit,5007,4075,0,1747238400000000630,1
632,345,7178,New,Buy,Limit,4994,4430,0,1747238400000000631,1
633,155,6114,Modify,Sell,Limit,5005,4837,0,1747238400000000632,1
634,244,7686,Cancel,Buy,Limit,0,0,0,1747238400000000633,1
635,209,8162,Modify,Sell,Limit,5008,216,0,1747238400000000634,1
636,212,9517,Cancel,Buy,Limit,0,0,0,1747238400000000635,1
637,211,4358,Cancel,Sell,Limit,0,0,0,1747238400000000636,1
638,258,2182,Modify,Sell,Limit,5003,3114,0,1747238400000000637,1
639,283,2126,Modify,Buy,Limit,4999,4672,0,1747238400000000638,1
640,346,1842,New,Buy,Limit,4993,3126,0,1747238400000000639,1
641,347,5866,New,Sell,Limit,5002,1063,0,1747238400000000640,1
642,348,1332,New,Sell,Limit,5005,581,0,1747238400000000641,1
643,349,4764,New,Buy,Limit,4995,2011,0,1747238400000000642,1
644,350,5184,New,Sell,Limit,5006,1336,0,1747238400000000643,1
645,351,5469,New,Sell,Limit,5007,321,0,1747238400000000644,1
646,155,6114,Cancel,Sell,Limit,0,0,0,1747238400000000645,1
647,352,2762,New,Sell,Limit,5005,2778,0,1747238400000000646,1
648,353,6250,New,Buy,Limit,4993,2310,0,1747238400000000647,1
649,354,7041,New,Sell,Limit,5006,1473,0,1747238400000000648,1
650,355,2304,New,Buy,Limit,4999,3846,0,1747238400000000649,1
651,306,9452,Cancel,Buy,Limit,0,0,0,1747238400000000650,1
652,145,8272,Cancel,Buy,Limit,0,0,0,1747238400000000651,1
653,356,7616,New,Buy,Limit,4994,3187,0,1747238400000000652,1
654,357,7479,New,Buy,Limit,4996,705,0,1747238400000000653,1
655,15,1366,Modify,Buy,Limit,4995,3212,0,1747238400000000654,1
656,197,2125,Modify,Buy,Limit,4999,4673,0,1747238400000000655,1
657,243,5098,Modify,Buy,Limit,4995,1877,0,1747238400000000656,1
658,358,2459,New,Sell,Limit,5004,1315,0,1747238400000000657,1
659,119,2369,Cancel,Sell,Limit,0,0,0,1747238400000000658,1
660,322,1473,Modify,Sell,Limit,5008,603,0,1747238400000000659,1
661,160,3821,Cancel,Buy,Limit,0,0,0,1747238400000000660,1
662,268,6927,Cancel,Buy,Limit,0,0,0,1747238400000000661,1
663,359,6482,New,Sell,Limit,4999,498,0,1747238400000000662,1
664,320,6363,Cancel,Buy,Limit,0,0,0,1747238400000000663,1
665,360,2135,New,Buy,Limit,5001,365,0,1747238400000000664,1
666,361,4041,New,Sell,Limit,5006,3515,0,1747238400000000665,1
667,362,2932,New,Buy,Limit,5001,371,0,1747238400000000666,1
668,363,6908,New,Sell,Limit,5008,886,0,1747238400000000667,1
669,364,2173,New,Sell,Limit,5008,1513,0,1747238400000000668,1
670,283,2126,Cancel,Buy,Limit,0,0,0,1747238400000000669,1
671,56,8952,Modify,Sell,Limit,5001,3458,0,1747238400000000670,1
672,202,7703,Cancel,Buy,Limit,0,0,0,1747238400000000671,1
673,74,9375,Cancel,Buy,Limit,0,0,0,1747238400000000672,1
674,365,6699,New,Buy,Limit,4995,4937,0,1747238400000000673,1
675,366,5723,New,Buy,Limit,4994,4755,0,1747238400000000674,1
676,367,2404,New,Sell,Limit,5001,2806,0,1747238400000000675,1
677,365,6699,Modify,Buy,Limit,4998,1009,0,1747238400000000676,1
678,368,6350,New,Sell,Limit,4999,468,0,1747238400000000677,1
679,369,7225,New,Buy,Limit,5001,11,0,1747238400000000678,1
680,125,6777,Cancel,Buy,Limit,0,0,0,1747238400000000679,1
681,183,3424,Modify,Buy,Limit,4998,322,0,1747238400000000680,1
682,27,3494,Cancel,Buy,Limit,0,0,0,1747238400000000681,1
683,163,6730,Cancel,Buy,Limit,0,0,0,1747238400000000682,1
684,347,5866,Cancel,Sell,Limit,0,0,0,1747238400000000683,1
685,322,1473,Cancel,Sell,Limit,0,0,0,1747238400000000684,1
686,214,2355,Modify,Sell,Limit,5008,4267,0,1747238400000000685,1
687,370,8209,New,Sell,Limit,4999,452,0,1747238400000000686,1
688,371,3263,New,Buy,Limit,4992,4906,0,1747238400000000687,1
689,355,2304,Modify,Buy,Limit,4996,3919,0,1747238400000000688,1
690,372,5216,New,Buy,Limit,4996,1965,0,1747238400000000689,1
691,373,8320,New,Buy,Limit,5001,390,0,1747238400000000690,1
692,354,7041,Cancel,Sell,Limit,0,0,0,1747238400000000691,1
693,248,3442,Cancel,Buy,Limit,0,0,0,1747238400000000692,1
694,374,9393,New,Sell,Limit,5004,4934,0,1747238400000000693,1
695,375,4452,New,Sell,Limit,5004,253,0,1747238400000000694,1
696,376,3250,New,Buy,Limit,4994,3004,0,1747238400000000695,1
697,267,7803,Modify,Buy,Limit,4998,718,0,1747238400000000696,1
698,377,1716,New,Buy,Limit,5001,412,0,1747238400000000697,1
699,337,8286,Cancel,Buy,Limit,0,0,0,1747238400000000698,1
700,378,3536,New,Sell,Limit,5008,4681,0,1747238400000000699,1
701,379,3174,New,Sell,Limit,5005,2481,0,1747238400000000700,1
702,365,6699,Cancel,Buy,Limit,0,0,0,1747238400000000701,1
703,380,3310,New,Buy,Limit,5001,121,0,1747238400000000702,1
704,256,1894,Cancel,Sell,Limit,0,0,0,1747238400000000703,1
705,299,8107,Cancel,Buy,Limit,0,0,0,1747238400000000704,1
706,352,2762,Modify,Sell,Limit,5002,2981,0,1747238400000000705,1
707,309,5767,Modify,Buy,Limit,4993,2600,0,1747238400000000706,1
708,276,1469,Cancel,Buy,Limit,0,0,0,1747238400000000707,1
709,352,2762,Modify,Sell,Limit,5005,940,0,1747238400000000708,1
710,381,4082,New,Sell,Limit,5006,4893,0,1747238400000000709,1
711,280,6474,Cancel,Sell,Limit,0,0,0,1747238400000000710,1
712,358,2459,Modify,Sell,Limit,5003,2982,0,1747238400000000711,1
713,7,101,Cancel,Buy,Limit,0,0,0,1747238400000000712,1
714,372,5216,Modify,Buy,Limit,4998,3093,0,1747238400000000713,1
715,382,3600,New,Buy,Limit,4999,343,0,1747238400000000714,1
716,292,9399,Cancel,Buy,Limit,0,0,0,1747238400000000715,1
717,374,9393,Modify,Sell,Limit,5005,1037,0,1747238400000000716,1
718,343,8770,Modify,Sell,Limit,5005,2651,0,1747238400000000717,1
719,383,6584,New,Sell,Limit,4999,3,0,1747238400000000718,1
720,372,5216,Modify,Buy,Limit,4999,1407,0,1747238400000000719,1
721,384,2340,New,Buy,Limit,4998,2369,0,1747238400000000720,1
722,203,8100,Modify,Sell,Limit,5002,581,0,1747238400000000721,1
723,385,9471,New,Buy,Limit,4999,2077,0,1747238400000000722,1
724,226,2949,Cancel,Buy,Limit,0,0,0,1747238400000000723,1
725,386,9936,New,Buy,Limit,4992,1619,0,1747238400000000724,1
726,387,8149,New,Sell,Limit,4999,77,0,1747238400000000725,1
727,272,7439,Modify,Sell,Limit,5003,3932,0,1747238400000000726,1
728,388,9501,New,Sell,Limit,5003,3316,0,1747238400000000727,1
729,389,1954,New,Sell,Limit,5003,4277,0,1747238400000000728,1
730,282,2602,Modify,Buy,Limit,4993,1504,0,1747238400000000729,1
731,199,2449,Modify,Sell,Limit,5005,1215,0,1747238400000000730,1
732,390,2523,New,Buy,Limit,4996,1612,0,1747238400000000731,1
733,174,4905,Cancel,Buy,Limit,0,0,0,1747238400000000732,1
734,331,7933,Cancel,Sell,Limit,0,0,0,1747238400000000733,1
735,273,3086,Modify,Sell,Limit,5002,139,0,1747238400000000734,1
736,357,7479,Modify,Buy,Limit,4992,4328,0,1747238400000000735,1
737,391,4710,New,Buy,Limit,4997,1039,0,1747238400000000736,1
738,392,6631,New,Sell,Limit,4999,50,0,1747238400000000737,1
739,393,8365,New,Sell,Limit,5003,3587,0,1747238400000000738,1
740,238,5575,Modify,Sell,Limit,5005,4343,0,1747238400000000739,1
741,394,6462,New,Buy,Limit,5001,350,0,1747238400000000740,1
742,395,6879,New,Buy,Limit,4994,2645,0,1747238400000000741,1
743,235,7642,Cancel,Buy,Limit,0,0,0,1747238400000000742,1
744,396,9524,New,Sell,Limit,4999,61,0,1747238400000000743,1
745,319,9397,Modify,Sell,Limit,5006,1594,0,1747238400000000744,1
746,196,2333,Modify,Sell,Limit,5006,2976,0,1747238400000000745,1
747,397,5092,New,Buy,Limit,4998,4297,0,1747238400000000746,1
748,314,3096,Cancel,Buy,Limit,0,0,0,1747238400000000747,1
749,183,3424,Modify,Buy,Limit,4994,4947,0,1747238400000000748,1
750,398,2256,New,Sell,Limit,5004,3809,0,1747238400000000749,1
751,152,4527,Modify,Sell,Limit,5008,529,0,1747238400000000750,1
752,273,3086,Modify,Sell,Limit,5004,4805,0,1747238400000000751,1
753,399,4563,New,Buy,Limit,4996,4853,0,1747238400000000752,1
754,400,4013,New,Buy,Limit,4992,3603,0,1747238400000000753,1
755,401,7613,New,Buy,Limit,4993,4439,0,1747238400000000754,1
756,339,3869,Cancel,Sell,Limit,0,0,0,1747238400000000755,1
757,402,3703,New,Sell,Limit,5001,1076,0,1747238400000000756,1
758,28,8091,Cancel,Buy,Limit,0,0,0,1747238400000000757,1
759,403,1656,New,Buy,Limit,4992,4670,0,1747238400000000758,1
760,393,8365,Modify,Sell,Limit,5002,378,0,1747238400000000759,1
761,260,3953,Cancel,Sell,Limit,0,0,0,1747238400000000760,1
762,241,9988,Cancel,Sell,Limit,0,0,0,1747238400000000761,1
763,404,2536,New,Buy,Limit,4992,1827,0,1747238400000000762,1
764,405,8744,New,Buy,Limit,4998,2287,0,1747238400000000763,1
765,243,5098,Cancel,Buy,Limit,0,0,0,1747238400000000764,1
766,305,4032,Modify,Buy,Limit,4993,4073,0,1747238400000000765,1
767,227,5021,Cancel,Sell,Limit,0,0,0,1747238400000000766,1
768,406,3326,New,Sell,Limit,5001,1950,0,1747238400000000767,1
769,172,3084,Cancel,Sell,Limit,0,0,0,1747238400000000768,1
770,407,6255,New,Buy,Limit,4999,4800,0,1747238400000000769,1
771,408,6884,New,Sell,Limit,4999,281,0,1747238400000000770,1
772,220,5260,Modify,Sell,Limit,5005,478,0,1747238400000000771,1
773,367,2404,Modify,Sell,Limit,5001,2012,0,1747238400000000772,1
774,100,7762,Cancel,Sell,Limit,0,0,0,1747238400000000773,1
775,409,8822,New,Sell,Limit,5004,1215,0,1747238400000000774,1
776,410,3977,New,Sell,Limit,5006,2173,0,1747238400000000775,1
777,190,4059,Modify,Buy,Limit,4999,1916,0,1747238400000000776,1
778,411,3752,New,Buy,Limit,4995,1527,0,1747238400000000777,1
779,412,3815,New,Sell,Limit,5007,4989,0,1747238400000000778,1
780,15,1366,Cancel,Buy,Limit,0,0,0,1747238400000000779,1
781,413,2587,New,Buy,Limit,4993,4817,0,1747238400000000780,1
782,414,2330,New,Sell,Limit,4999,429,0,1747238400000000781,1
783,207,2068,Cancel,Buy,Limit,0,0,0,1747238400000000782,1
784,415,5451,New,Sell,Limit,5002,2615,0,1747238400000000783,1
785,296,7825,Cancel,Buy,Limit,0,0,0,1747238400000000784,1
786,416,7223,New,Buy,Limit,4994,4700,0,1747238400000000785,1
787,417,8100,New,Buy,Limit,4996,4564,0,1747238400000000786,1
788,343,8770,Modify,Sell,Limit,5006,2873,0,1747238400000000787,1
789,418,8537,New,Sell,Limit,5007,2892,0,1747238400000000788,1
790,419,1154,New,Buy,Limit,4998,1020,0,1747238400000000789,1
791,420,7352,New,Sell,Limit,5007,4965,0,1747238400000000790,1
792,421,5840,New,Sell,Limit,4999,38,0,1747238400000000791,1
793,422,1188,New,Sell,Limit,5003,4516,0,1747238400000000792,1
794,349,4764,Modify,Buy,Limit,4993,3578,0,1747238400000000793,1
795,423,5123,New,Sell,Limit,5001,4388,0,1747238400000000794,1
796,36,6062,Modify,Sell,Limit,5003,866,0,1747238400000000795,1
797,424,6188,New,Sell,Limit,4999,396,0,1747238400000000796,1
798,402,3703,Cancel,Sell,Limit,0,0,0,1747238400000000797,1
799,141,1648,Cancel,Buy,Limit,0,0,0,1747238400000000798,1
800,265,4024,Modify,Sell,Limit,5005,1219,0,1747238400000000799,1
801,343,8770,Cancel,Sell,Limit,0,0,0,1747238400000000800,1
802,183,3424,Modify,Buy,Limit,4993,1098,0,1747238400000000801,1
803,425,4992,New,Buy,Limit,4994,2199,0,1747238400000000802,1
804,426,6738,New,Sell,Limit,5003,1825,0,1747238400000000803,1
805,427,2405,New,Buy,Limit,4999,1825,0,1747238400000000804,1
806,225,9522,Cancel,Sell,Limit,0,0,0,1747238400000000805,1
807,428,8103,New,Buy,Limit,4997,4981,0,1747238400000000806,1
808,429,8572,New,Sell,Limit,5007,3115,0,1747238400000000807,1
809,430,1122,New,Buy,Limit,4998,4599,0,1747238400000000808,1
810,431,7659,New,Sell,Limit,5007,1624,0,1747238400000000809,1
811,348,1332,Modify,Sell,Limit,5005,320,0,1747238400000000810,1
812,432,5349,New,Buy,Limit,5001,147,0,1747238400000000811,1
813,433,8282,New,Sell,Limit,4999,18,0,1747238400000000812,1
814,434,8576,New,Sell,Limit,4999,127,0,1747238400000000813,1
815,378,3536,Modify,Sell,Limit,5005,1781,0,1747238400000000814,1
816,435,5631,New,Sell,Limit,4999,72,0,1747238400000000815,1
817,194,1246,Modify,Sell,Limit,5001,4771,0,1747238400000000816,1
818,355,2304,Cancel,Buy,Limit,0,0,0,1747238400000000817,1
819,436,5177,New,Buy,Limit,4992,3710,0,1747238400000000818,1
820,400,4013,Modify,Buy,Limit,4997,3506,0,1747238400000000819,1
821,437,1216,New,Sell,Limit,5007,2466,0,1747238400000000820,1
822,156,7525,Modify,Sell,Limit,5006,2572,0,1747238400000000821,1
823,183,3424,Modify,Buy,Limit,4996,1732,0,1747238400000000822,1
824,428,8103,Modify,Buy,Limit,4998,450,0,1747238400000000823,1
825,309,5767,Cancel,Buy,Limit,0,0,0,1747238400000000824,1
826,438,8012,New,Buy,Limit,5001,420,0,1747238400000000825,1
827,374,9393,Modify,Sell,Limit,5002,3640,0,1747238400000000826,1
828,439,1076,New,Sell,Limit,5001,2319,0,1747238400000000827,1
829,56,8952,Modify,Sell,Limit,5007,4037,0,1747238400000000828,1
830,440,6773,New,Buy,Limit,4998,2944,0,1747238400000000829,1
831,344,3655,Modify,Sell,Limit,5006,3255,0,1747238400000000830,1
832,441,4142,New,Buy,Limit,4995,183,0,1747238400000000831,1
833,397,5092,Cancel,Buy,Limit,0,0,0,1747238400000000832,1
834,230,8665,Modify,Sell,Limit,5001,3382,0,1747238400000000833,1
835,332,1098,Modify,Sell,Limit,5006,1913,0,1747238400000000834,1
836,414,2330,Cancel,Sell,Limit,0,0,0,1747238400000000835,1
837,442,8490,New,Buy,Limit,4998,2769,0,1747238400000000836,1
838,443,9726,New,Sell,Limit,4999,159,0,1747238400000000837,1
839,329,1320,Cancel,Buy,Limit,0,0,0,1747238400000000838,1
840,444,4746,New,Sell,Limit,4999,85,0,1747238400000000839,1
841,445,9599,New,Sell,Limit,5004,1980,0,1747238400000000840,1
842,267,7803,Modify,Buy,Limit,4994,4249,0,1747238400000000841,1
843,437,1216,Cancel,Sell,Limit,0,0,0,1747238400000000842,1
844,446,8034,New,Sell,Limit,4999,457,0,1747238400000000843,1
845,214,2355,Modify,Sell,Limit,5004,1901,0,1747238400000000844,1
846,190,4059,Modify,Buy,Limit,4992,379,0,1747238400000000845,1
847,205,5955,Modify,Sell,Limit,5005,607,0,1747238400000000846,1
848,166,1204,Cancel,Buy,Limit,0,0,0,1747238400000000847,1
849,197,2125,Modify,Buy,Limit,4998,3426,0,1747238400000000848,1
850,238,5575,Cancel,Sell,Limit,0,0,0,1747238400000000849,1
851,261,2130,Cancel,Buy,Limit,0,0,0,1747238400000000850,1
852,363,6908,Cancel,Sell,Limit,0,0,0,1747238400000000851,1
853,371,3263,Modify,Buy,Limit,4994,2246,0,1747238400000000852,1
854,447,9296,New,Buy,Limit,4993,4040,0,1747238400000000853,1
855,294,1895,Modify,Sell,Limit,5005,3316,0,1747238400000000854,1
856,448,9705,New,Sell,Limit,5007,1970,0,1747238400000000855,1
857,449,9905,New,Sell,Limit,5006,2128,0,1747238400000000856,1
858,450,5323,New,Buy,Limit,4996,4235,0,1747238400000000857,1
859,451,7601,New,Sell,Limit,5002,2131,0,1747238400000000858,1
860,452,7988,New,Sell,Limit,5001,4317,0,1747238400000000859,1
861,453,3244,New,Buy,Limit,5001,38,0,1747238400000000860,1
862,454,4502,New,Buy,Limit,4999,3689,0,1747238400000000861,1
863,455,5158,New,Sell,Limit,4999,183,0,1747238400000000862,1
864,264,4020,Cancel,Buy,Limit,0,0,0,1747238400000000863,1
865,154,4710,Cancel,Buy,Limit,0,0,0,1747238400000000864,1
866,2,5891,Cancel,Buy,Limit,0,0,0,1747238400000000865,1
867,404,2536,Modify,Buy,Limit,4994,3171,0,1747238400000000866,1
868,190,4059,Cancel,Buy,Limit,0,0,0,1747238400000000867,1
869,456,5066,New,Sell,Limit,4999,166,0,1747238400000000868,1
870,316,8111,Cancel,Buy,Limit,0,0,0,1747238400000000869,1
871,457,9422,New,Buy,Limit,4993,4269,0,1747238400000000870,1
872,51,8588,Modify,Sell,Limit,5008,1761,0,1747238400000000871,1
873,449,9905,Cancel,Sell,Limit,0,0,0,1747238400000000872,1
874,249,5222,Cancel,Sell,Limit,0,0,0,1747238400000000873,1
875,139,8293,Cancel,Sell,Limit,0,0,0,1747238400000000874,1
876,458,7415,New,Sell,Limit,4999,424,0,1747238400000000875,1
877,459,2981,New,Buy,Limit,4995,453,0,1747238400000000876,1
878,460,7373,New,Buy,Limit,4995,1260,0,1747238400000000877,1
879,461,6724,New,Sell,Limit,5007,1319,0,1747238400000000878,1
880,412,3815,Modify,Sell,Limit,5001,1482,0,1747238400000000879,1
881,385,9471,Modify,Buy,Limit,4997,684,0,1747238400000000880,1
882,462,3365,New,Buy,Limit,5001,177,0,1747238400000000881,1
883,463,9747,New,Sell,Limit,5007,2565,0,1747238400000000882,1
884,459,2981,Modify,Buy,Limit,4993,4144,0,1747238400000000883,1
885,393,8365,Modify,Sell,Limit,5006,1631,0,1747238400000000884,1
886,344,3655,Modify,Sell,Limit,5008,4134,0,1747238400000000885,1
887,391,4710,Modify,Buy,Limit,4992,2441,0,1747238400000000886,1
888,464,4967,New,Buy,Limit,4998,2885,0,1747238400000000887,1
889,416,7223,Modify,Buy,Limit,4995,1370,0,1747238400000000888,1
890,305,4032,Cancel,Buy,Limit,0,0,0,1747238400000000889,1
891,400,4013,Cancel,Buy,Limit,0,0,0,1747238400000000890,1
892,465,9947,New,Buy,Limit,4997,384,0,1747238400000000891,1
893,291,8987,Modify,Buy,Limit,4999,511,0,1747238400000000892,1
894,466,101,New,Buy,Limit,4996,681,0,1747238400000000893,1
895,457,9422,Modify,Buy,Limit,4999,4813,0,1747238400000000894,1
896,467,4351,New,Buy,Limit,5001,200,0,1747238400000000895,1
897,42,6105,Modify,Sell,Limit,5006,2848,0,1747238400000000896,1
898,410,3977,Modify,Sell,Limit,5005,4048,0,1747238400000000897,1
899,468,7832,New,Sell,Limit,5007,2575,0,1747238400000000898,1
900,469,5689,New,Buy,Limit,4994,2437,0,1747238400000000899,1
901,410,3977,Cancel,Sell,Limit,0,0,0,1747238400000000900,1
902,470,2602,New,Sell,Limit,5008,4897,0,1747238400000000901,1
903,471,9504,New,Buy,Limit,5001,79,0,1747238400000000902,1
904,472,2914,New,Buy,Limit,4992,4318,0,1747238400000000903,1
905,3,5987,Modify,Buy,Limit,4992,1959,0,1747238400000000904,1
906,473,8099,New,Sell,Limit,4999,30,0,1747238400000000905,1
907,112,6401,Modify,Sell,Limit,5007,3775,0,1747238400000000906,1
908,472,2914,Modify,Buy,Limit,4993,3520,0,1747238400000000907,1
909,474,6196,New,Sell,Limit,5008,969,0,1747238400000000908,1
910,451,7601,Modify,Sell,Limit,5007,4161,0,1747238400000000909,1
911,475,2249,New,Buy,Limit,4992,4745,0,1747238400000000910,1
912,476,9893,New,Buy,Limit,4994,3345,0,1747238400000000911,1
913,112,6401,Cancel,Sell,Limit,0,0,0,1747238400000000912,1
914,149,2754,Cancel,Sell,Limit,0,0,0,1747238400000000913,1
915,477,8206,New,Buy,Limit,5001,193,0,1747238400000000914,1
916,204,5962,Modify,Sell,Limit,5001,390,0,1747238400000000915,1
917,478,2014,New,Sell,Limit,5008,113,0,1747238400000000916,1
918,350,5184,Modify,Sell,Limit,5001,3402,0,1747238400000000917,1
919,352,2762,Cancel,Sell,Limit,0,0,0,1747238400000000918,1
920,127,6161,Modify,Buy,Limit,4993,1130,0,1747238400000000919,1
921,431,7659,Modify,Sell,Limit,5002,2126,0,1747238400000000920,1
922,282,2602,Modify,Buy,Limit,4997,2972,0,1747238400000000921,1
923,479,3872,New,Buy,Limit,5001,340,0,1747238400000000922,1
924,389,1954,Modify,Sell,Limit,5006,3907,0,1747238400000000923,1
925,480,2892,New,Buy,Limit,5001,313,0,1747238400000000924,1
926,461,6724,Modify,Sell,Limit,5008,1991,0,1747238400000000925,1
927,481,5864,New,Buy,Limit,4993,1996,0,1747238400000000926,1
928,426,6738,Modify,Sell,Limit,5004,785,0,1747238400000000927,1
929,372,5216,Cancel,Buy,Limit,0,0,0,1747238400000000928,1
930,349,4764,Cancel,Buy,Limit,0,0,0,1747238400000000929,1
931,482,9946,New,Buy,Limit,4993,3014,0,1747238400000000930,1
932,483,5451,New,Buy,Limit,4995,3519,0,1747238400000000931,1
933,411,3752,Modify,Buy,Limit,4997,4309,0,1747238400000000932,1
934,317,8263,Cancel,Sell,Limit,0,0,0,1747238400000000933,1
935,441,4142,Modify,Buy,Limit,4997,4275,0,1747238400000000934,1
936,384,2340,Modify,Buy,Limit,4999,3645,0,1747238400000000935,1
937,348,1332,Modify,Sell,Limit,5008,181,0,1747238400000000936,1
938,436,5177,Modify,Buy,Limit,4995,4480,0,1747238400000000937,1
939,484,3483,New,Buy,Limit,4998,4255,0,1747238400000000938,1
940,485,7030,New,Sell,Limit,4999,30,0,1747238400000000939,1
941,486,5453,New,Buy,Limit,5001,90,0,1747238400000000940,1
942,487,6346,New,Sell,Limit,5001,4714,0,1747238400000000941,1
943,310,9032,Modify,Buy,Limit,4996,3260,0,1747238400000000942,1
944,335,9015,Modify,Buy,Limit,4994,1422,0,1747238400000000943,1
945,319,9397,Cancel,Sell,Limit,0,0,0,1747238400000000944,1
946,488,3087,New,Buy,Limit,5001,76,0,1747238400000000945,1
947,183,3424,Cancel,Buy,Limit,0,0,0,1747238400000000946,1
948,489,1254,New,Buy,Limit,4995,1681,0,1747238400000000947,1
949,490,8237,New,Buy,Limit,4995,3379,0,1747238400000000948,1
950,389,1954,Modify,Sell,Limit,5008,357,0,1747238400000000949,1
951,353,6250,Modify,Buy,Limit,4993,4214,0,1747238400000000950,1
952,491,4312,New,Buy,Limit,5001,77,0,1747238400000000951,1
953,492,3656,New,Buy,Limit,5001,84,0,1747238400000000952,1
954,493,8815,New,Buy,Limit,4997,2107,0,1747238400000000953,1
955,494,6807,New,Buy,Limit,4998,4208,0,1747238400000000954,1
956,495,4532,New,Sell,Limit,5005,406,0,1747238400000000955,1
957,496,3267,New,Sell,Limit,4999,240,0,1747238400000000956,1
958,497,5222,New,Buy,Limit,4992,3548,0,1747238400000000957,1
959,399,4563,Cancel,Buy,Limit,0,0,0,1747238400000000958,1
960,265,4024,Modify,Sell,Limit,5006,4367,0,1747238400000000959,1
961,498,9206,New,Buy,Limit,5001,2,0,1747238400000000960,1
962,499,6271,New,Buy,Limit,4996,3952,0,1747238400000000961,1
963,500,4187,New,Buy,Limit,4995,4243,0,1747238400000000962,1
964,358,2459,Modify,Sell,Limit,5001,2863,0,1747238400000000963,1
965,501,3682,New,Sell,Limit,4999,44,0,1747238400000000964,1
966,382,3600,Modify,Buy,Limit,4997,3670,0,1747238400000000965,1
967,384,2340,Cancel,Buy,Limit,0,0,0,1747238400000000966,1
968,502,8673,New,Sell,Limit,5006,3133,0,1747238400000000967,1
969,494,6807,Cancel,Buy,Limit,0,0,0,1747238400000000968,1
970,503,8750,New,Sell,Limit,5007,1185,0,1747238400000000969,1
971,504,1138,New,Sell,Limit,5004,2273,0,1747238400000000970,1
972,357,7479,Cancel,Buy,Limit,0,0,0,1747238400000000971,1
973,505,3951,New,Sell,Limit,5008,4108,0,1747238400000000972,1
974,441,4142,Modify,Buy,Limit,4995,3213,0,1747238400000000973,1
975,497,5222,Cancel,Buy,Limit,0,0,0,1747238400000000974,1
976,420,7352,Modify,Sell,Limit,5008,827,0,1747238400000000975,1
977,502,8673,Modify,Sell,Limit,5006,1945,0,1747238400000000976,1
978,348,1332,Modify,Sell,Limit,5008,545,0,1747238400000000977,1
979,506,7207,New,Buy,Limit,4996,4452,0,1747238400000000978,1
980,423,5123,Cancel,Sell,Limit,0,0,0,1747238400000000979,1
981,192,5213,Modify,Sell,Limit,5004,1327,0,1747238400000000980,1
982,507,4336,New,Sell,Limit,5001,4646,0,1747238400000000981,1
983,415,5451,Cancel,Sell,Limit,0,0,0,1747238400000000982,1
984,253,4077,Modify,Sell,Limit,5006,937,0,1747238400000000983,1
985,508,7030,New,Buy,Limit,4992,1824,0,1747238400000000984,1
986,267,7803,Cancel,Buy,Limit,0,0,0,1747238400000000985,1
987,298,4951,Cancel,Sell,Limit,0,0,0,1747238400000000986,1
988,509,2526,New,Sell,Limit,5006,3156,0,1747238400000000987,1
989,432,5349,Modify,Buy,Limit,4999,3934,0,1747238400000000988,1
990,510,7501,New,Sell,Limit,5007,2457,0,1747238400000000989,1
991,58,3350,Cancel,Sell,Limit,0,0,0,1747238400000000990,1
992,327,1778,Modify,Sell,Limit,5004,4250,0,1747238400000000991,1
993,511,9884,New,Buy,Limit,4999,2984,0,1747238400000000992,1
994,512,6355,New,Sell,Limit,4999,436,0,1747238400000000993,1
995,513,7461,New,Sell,Limit,5001,4602,0,1747238400000000994,1
996,447,9296,Modify,Buy,Limit,4992,4189,0,1747238400000000995,1
997,420,7352,Cancel,Sell,Limit,0,0,0,1747238400000000996,1
998,508,7030,Modify,Buy,Limit,4996,2294,0,1747238400000000997,1
999,514,3544,New,Sell,Limit,5007,1773,0,1747238400000000998,1
1000,515,6827,New,Sell,Limit,4999,380,0,1747238400000000999,1
